{
  "launchconfig": {
    "name": "default",
    "description": "This is a sample launch configuration for development",
    "image": "{red5pro-image-id}",
    "instanceType": "{machine-type}",
    "connectionCapacity": "1000",
    "properties": {
      "property": [
        {
          "name": "property-name",
          "value": "property-value"
        }
      ]
    },
    "metadata": {
      "meta": [
        {
          "key": "meta-name",
          "value": "meta-value"
        }
      ]
    }
  }
}