<?xml version="1.0" ?>
<configuration>
  <!-- Uncomment if you are using the logback plugin for eclipse <consolePlugin/> -->

  <jmxConfigurator contextName="red5pro" />

  <!-- This outputs RTSP protocol messages such as SDP provided -->
  <appender name="rtsp" class="ch.qos.logback.core.FileAppender">
    <File>log/rtsp.log</File>
    <Append>false</Append>
    <Encoding>UTF-8</Encoding>
    <BufferedIO>false</BufferedIO>
    <ImmediateFlush>true</ImmediateFlush>
    <layout class="ch.qos.logback.classic.PatternLayout">
      <Pattern>
        %date [%thread] %-5level %logger{35} - %msg%n
      </Pattern>
    </layout>
  </appender>
  <!-- General logger messages from minor components -->
  <appender name="pro" class="ch.qos.logback.core.FileAppender">
    <File>log/red5pro.log</File>
    <Append>false</Append>
    <Encoding>UTF-8</Encoding>
    <BufferedIO>false</BufferedIO>
    <ImmediateFlush>true</ImmediateFlush>
    <layout class="ch.qos.logback.classic.PatternLayout">
      <Pattern>
        %date [%thread] %-5level %logger{35} - %msg%n
      </Pattern>
    </layout>
  </appender>


  <appender class="ch.qos.logback.core.ConsoleAppender" name="CONSOLE">
    <encoder>
      <pattern>[%p] [%thread] %logger - %msg%n</pattern>
    </encoder>
  </appender>
   
  <appender class="ch.qos.logback.core.FileAppender" name="FILE">
    <File>log/red5.log</File>
    <Append>false</Append>
    <encoder>
      <pattern>%d{ISO8601} [%thread] %-5level %logger{35} - %msg%n</pattern>
    </encoder>
  </appender>
   
  <root>
    <level value="INFO"/>
    <appender-ref ref="CONSOLE"/>
    <appender-ref ref="FILE"/>    
  </root>

	<!-- RTSP IO debugging -->
	<!-- in info, All RTSP stream packages describe minimal about sream creation and closing.
	In debug, it they log the scope names, looking them up, connecting them to scopes.
	In trace mode, we log out every message incoming. -->
    <logger name="com.red5pro.server.stream.rtsp">
    <level value="INFO" />
    <appender-ref ref="rtsp"/>
  </logger>
  <!-- Package level log setting for most all pro classes.
  -->
  <logger name="com.red5pro">
    <level value="INFO" />
   <appender-ref ref="pro"/>
  </logger> 

  <!-- HLS debugging --> 
  <logger name="com.red5pro.stream.transform">
    <level value="INFO"/>
  </logger>
  
  <!-- Cluster debugging --> 
  <logger name="com.red5pro.cluster.plugin">
    <level value="INFO"/>
  </logger>
  
   <!-- Auto-scale debugging --> 
  <logger name="com.red5pro.clustering.autoscale">
    <level value="INFO"/>
  </logger> 
  
  <!-- Video related decoding and encoding messages for RTP serialization 
  In debug mode, this will log packet types. and syntax errors-->
  <logger name="com.red5pro.server.stream.rtp.handlers.codec.H264">
    <level value="OFF"/>
  </logger>
  
  <!-- Logger for debugging rtsp over TCP 
  In debug mode, this will log out channel messages received. Trace mode, will log out parsing tcp packets.-->
  <logger name="com.red5pro.server.stream.rtsp.handlers.TCPTransportHandler">
    <level value="OFF"/>
  </logger>
  
  <!--  Session level logger for RTSP connections 
  	This will log out notify messages being written to an rtsp connection.-->
  <logger name="com.red5pro.server.stream.rtsp.RTSPMinaConnection">
    <level value="INFO"/>
  </logger>
  
  <!-- Reading packet types and channels to determing which codec should handle it.
  IN debug mode, it will log media packet channles received, and out of band messages such as net connection call. -->
  <logger name="com.red5pro.server.stream.rtp.Packet">
    <level value="OFF"/>
  </logger>
  
  <!-- User story logging related to streaming media uostream and downstream. 
  IN debug mode it will tell a detailed story about setting up a published stream.
  In info mode it will log the highlights of the publish stream lifecycle -->
  <logger name="com.red5pro.server.stream.rtsp.RTSPHandler">
    <level value="INFO"/>
  </logger>
  
  <!-- Logger for looking up resources and creating SDP responses. 
  IN debug mode, it will expand upon the user story for the RTSPHandler-->
      <logger name="com.red5pro.server.stream.Red5ProIO">
    <level value="INFO"/>
  </logger>
  
      <!-- Open source loggers -->
    <logger name="org.red5.server.scope.WebScope">
    <level value="OFF"/>
  </logger>    
  <logger name="org.red5.server.net.rtmp.RTMPConnection">
    <level value="OFF"/>
  </logger>      
      <logger name="org.red5.server.BaseConnection">
    <level value="OFF"/>
  </logger>      
      <logger name="org.red5.server.net.rtmp.codec.RTMPProtocolDecoder">
    <level value="OFF"/>
  </logger>
      <logger name="org.red5.codec">
    <level value="OFF"/>
  </logger>
      <logger name="org.red5.server.api.Red5">
    <level value="OFF"/>
  </logger>
      <logger name="org.apache.mina.filter.logging.LoggingFilter">
    <level value="OFF"/>
  </logger>
      <logger name="org.red5.server.Context">
    <level value="OFF"/>
  </logger>
        <logger name="org.quartz">
    <level value="OFF"/>
  </logger>
        <logger name="org.apache.http">
    <level value="OFF"/>
  </logger>
      <logger name="org.springframework">
    <level value="OFF"/>
  </logger>
      <logger name="org.red5.server.service">
    <level value="INFO"/>
  </logger>
   <!--Temp -->
    <logger name="org.red5.server.service.ServiceInvoker">
    <level value="OFF"/>
  </logger>
   <logger name="org.red5.io.utils">
    <level value="OFF"/>
  </logger>
    <logger name="org.red5.io">
    <level value="OFF"/>
    </logger>
   <logger name="org.red5.server.stream">
    <level value="OFF"/>
  </logger>
    <logger name="org.red5.server.tomcat">
    <level value="OFF"/>
  </logger>
    <logger name="org.apache">
    <level value="OFF"/>
  </logger>
    <logger name="org.spring">
    <level value="OFF"/>
  </logger>
    <logger name="org.apache.catalina">
    <level value="OFF"/>
  </logger>
  <logger name="org.apache.mina.filter.codec.ProtocolCodecFilter">
    <level value="OFF"/>
  </logger>
</configuration>